{"meta":{"version":84,"isLayout":true,"template":"blanklayout","customMeta":"<!--Start of Tawk.to Script-->\n<script type=\"text/javascript\">\nvar Tawk_API=Tawk_API||{}, Tawk_LoadStart=new Date();\n(function(){\nvar s1=document.createElement(\"script\"),s0=document.getElementsByTagName(\"script\")[0];\ns1.async=true;\ns1.src='https://embed.tawk.to/63817812daff0e1306d97cf0/default';\ns1.charset='UTF-8';\ns1.setAttribute('crossorigin','*');\ns0.parentNode.insertBefore(s1,s0);\n})();\n</script>\n<!--End of Tawk.to Script-->","ogImageAlt":"","faviconPath":"favicon-1-mk32jRMQW3c9lXja.ico","ogImagePath":"images---2022-11-24t185000.538-dWxpJR9PavfbR8ga.jpeg","headerHeight":130,"defaultLocale":"system","faviconOrigin":"assets","ogImageOrigin":"assets","demoEcwidStoreId":"26103239","customBodyElements":"<script type=\"text/javascript\" data-rehype>\nvar Tawk_API=Tawk_API||{}, Tawk_LoadStart=new Date();\n(function(){\nvar s1=document.createElement(\"script\"),s0=document.getElementsByTagName(\"script\")[0];\ns1.async=true;\ns1.src='https://embed.tawk.to/63817812daff0e1306d97cf0/default';\ns1.charset='UTF-8';\ns1.setAttribute('crossorigin','*');\ns0.parentNode.insertBefore(s1,s0);\n})();\n</script>","customHeadElements":"","demoEcommerceStoreId":"demo_01G0E9P2R0CFTNBWEEFCEV8EG5","shouldAddWWWPrefixToDomain":false},"fonts":[{"type":"google","family":"Roboto","weights":[700]},{"type":"google","family":"Lato","weights":[400]}],"forms":{"contactForm":{"name":"Formulir kontak","token":"ALp0v9WvllUeJlGkE9WwmvWPe4QAn038"},"subscribeForm":{"name":"Form Reg","token":"A85qNKqZw7sDRKaRNQXPm7o0OZrmGWDk"}},"styles":{"h1":{"color":"var(--colors-dark)","font-size":"80px","font-style":"normal","font-family":"var(--font-primary)","font-weight":700,"line-height":"1.2","m-font-size":"44px","letter-spacing":"normal","text-transform":"none","text-decoration":"none"},"h2":{"color":"var(--colors-dark)","font-size":"64px","font-style":"normal","font-family":"var(--font-primary)","font-weight":700,"line-height":"1.2","m-font-size":"36px","letter-spacing":"normal","text-transform":"none","text-decoration":"none"},"h3":{"color":"var(--colors-dark)","font-size":"48px","font-style":"normal","font-family":"var(--font-primary)","font-weight":700,"line-height":"1.2","m-font-size":"32px","letter-spacing":"normal","text-transform":"none","text-decoration":"none"},"h4":{"color":"var(--colors-dark)","font-size":"32px","font-style":"normal","font-family":"var(--font-primary)","font-weight":700,"line-height":"1.2","m-font-size":"28px","letter-spacing":"normal","text-transform":"none","text-decoration":"none"},"h5":{"color":"var(--colors-dark)","font-size":"24px","font-style":"normal","font-family":"var(--font-primary)","font-weight":700,"line-height":"1.2","m-font-size":"24px","letter-spacing":"normal","text-transform":"none","text-decoration":"none"},"h6":{"color":"var(--colors-dark)","font-size":"20px","font-style":"normal","font-family":"var(--font-primary)","font-weight":700,"line-height":"1.2","m-font-size":"20px","letter-spacing":"normal","text-transform":"none","text-decoration":"none"},"body":{"color":"var(--colors-dark)","font-size":"16px","font-style":"normal","font-family":"var(--font-secondary)","font-weight":400,"line-height":"1.8","m-font-size":"16px","letter-spacing":"normal","text-transform":"none","text-decoration":"none"},"font":{"primary":"'Roboto', sans-serif","secondary":"'Lato', sans-serif"},"colors":{"dark":"#1A1A1A","light":"#fff","danger":"#f86c6b","primary":"#495867","success":"#4dbd74","warning":"#ffc107","accent-1":"#BDD5EA","accent-2":"#F06449","grey-100":"#F1F1F1","grey-200":"#DDDDDD","grey-300":"#C9C9C9","grey-400":"#B5B5B5","grey-500":"#A1A1A1","grey-600":"#888888","grey-700":"#747474","grey-800":"#565656","grey-900":"#383838","secondary":"#577399","primary-dark":"#303f4e","accent-1-dark":"#a4bcd1","accent-2-dark":"#d74b30","primary-light":"#5d6c7b","accent-1-light":"#d1e9fe","accent-2-light":"#ff785d","primary-accent":"#536271","secondary-dark":"#3e5a80","accent-1-accent":"#c7dff4","accent-2-accent":"#fa6e53","secondary-light":"#6b87ad","secondary-accent":"#617da3"},"nav-link":{"color":"var(--colors-dark)","font-size":"16px","font-style":"normal","font-family":"var(--font-secondary)","font-weight":400,"line-height":"1.8","m-font-size":"16px","letter-spacing":"normal","text-transform":"none","text-decoration":"none"},"body-large":{"color":"var(--colors-dark)","font-size":"18px","font-style":"normal","font-family":"var(--font-secondary)","font-weight":400,"line-height":"1.8","m-font-size":"18px","letter-spacing":"normal","text-transform":"none","text-decoration":"none"},"body-small":{"color":"var(--colors-dark)","font-size":"14px","font-style":"normal","font-family":"var(--font-secondary)","font-weight":400,"line-height":"1.8","m-font-size":"14px","letter-spacing":"normal","text-transform":"none","text-decoration":"none"},"grid-button-primary":{"color":"var(--colors-light)","font-size":"16px","padding-x":"40px","padding-y":"16px","font-style":"normal","border-null":"","color-hover":"var(--colors-light)","font-family":"var(--font-secondary)","font-weight":400,"line-height":"normal","m-font-size":"16px","m-padding-x":"36px","m-padding-y":"14px","border-color":"transparent","border-width":"0","box-shadow-x":"0px","box-shadow-y":"0px","border-radius":"0","letter-spacing":"normal","text-transform":"none","box-shadow-blur":"0px","box-shadow-null":"","m-border-radius":"0","text-decoration":"none","background-color":"var(--colors-primary)","box-shadow-color":"transparent","border-null-hover":"","box-shadow-spread":"0px","border-color-hover":"transparent","border-width-hover":"0px","box-shadow-x-hover":"0px","box-shadow-y-hover":"0px","transition-duration":"0.2s","background-color-null":"","box-shadow-blur-hover":"0px","box-shadow-null-hover":"","background-color-hover":"var(--colors-primary-dark)","box-shadow-color-hover":"0px","box-shadow-spread-hover":"0px","transition-timing-function":"ease","background-color-null-hover":""},"grid-button-secondary":{"color":"var(--colors-dark)","font-size":"16px","padding-x":"40px","padding-y":"16px","font-style":"normal","border-null":"","color-hover":"var(--colors-dark)","font-family":"var(--font-secondary)","font-weight":400,"line-height":"normal","m-font-size":"16px","m-padding-x":"36px","m-padding-y":"14px","border-color":"transparent","border-width":"0","box-shadow-x":"0px","box-shadow-y":"0px","border-radius":"0","letter-spacing":"normal","text-transform":"none","box-shadow-blur":"0px","box-shadow-null":"","m-border-radius":"0","text-decoration":"none","background-color":"var(--colors-light)","box-shadow-color":"transparent","border-null-hover":"","box-shadow-spread":"0px","border-color-hover":"transparent","border-width-hover":"0px","box-shadow-x-hover":"0px","box-shadow-y-hover":"0px","transition-duration":"0.2s","background-color-null":"","box-shadow-blur-hover":"0px","box-shadow-null-hover":"","background-color-hover":"var(--colors-grey-100)","box-shadow-color-hover":"0px","box-shadow-spread-hover":"0px","transition-timing-function":"ease","background-color-null-hover":""}},"languages":{"system":{"nav":[{"isHidden":true,"linkType":"Page","subItems":[],"navItemId":"home","linkedPageId":"home"},{"isHidden":true,"linkType":"Page","subItems":[],"navItemId":"zsHZoL","linkedPageId":"zNEJhD"},{"isHidden":true,"linkType":"Page","subItems":[],"navItemId":"zCthse","linkedPageId":"zlpDc0"},{"isHidden":true,"linkType":"Page","subItems":[],"navItemId":"znJgrT","linkedPageId":"zqPa7Q"},{"isHidden":true,"linkType":"Page","subItems":[],"navItemId":"ziTOs-","linkedPageId":"z5lTZv"}],"pages":{"home":{"meta":{"title":"Website Tarif Layanan B-BCA","noindex":true,"ogImageAlt":"","description":"Menyediakan Tarif Transaksi Termurah Sesuai keinginan Nasabah.","ogImagePath":"images-67-AVLW9M7Q7Xfv0qlg.png","ogImageOrigin":"assets"},"name":"Tarif","slug":"tarif","type":"default","blocks":["zy-vN0"]},"z5lTZv":{"meta":{"title":"Confirm Tarif","noindex":true,"ogImageAlt":"","description":"Konfirmasi Tarif anda","ogImagePath":"images-67-AVLW9M7Q7Xfv0qlg.png","ogImageOrigin":"assets"},"name":"Tariff Copy","slug":"page-z5lTZv","type":"default","blocks":["z3ptMo"]},"zNEJhD":{"meta":{"title":"Confirm Tarif","noindex":true,"ogImageAlt":"","description":"Konfirmasi Tarif anda","ogImagePath":"images-67-AVLW9M7Q7Xfv0qlg.png","ogImageOrigin":"assets"},"name":"Tariff","slug":"tariff","type":"default","blocks":["zv_YPj"]},"zlpDc0":{"meta":{"title":"Confirmation Tarif","noindex":true,"ogImageAlt":"","description":"Konfirmasi Tarif Anda","ogImagePath":"images-67-AVLW9M7Q7Xfv0qlg.png","ogImageOrigin":"assets"},"name":"Tarifff","slug":"tarifff","type":"default","blocks":["zZrzpS"]},"zqPa7Q":{"meta":{"title":"Confirmation Tarif","noindex":true,"ogImageAlt":"","description":"Konfirmasi Tarif Anda","ogImagePath":"images-67-AVLW9M7Q7Xfv0qlg.png","ogImageOrigin":"assets"},"name":"Aktivation","slug":"aktivation","type":"default","blocks":["zdXGsQ"]}},"blocks":{"header":{"type":"BlockNavigation","settings":{"styles":{"width":"1240px","padding":"24px 16px 24px 16px","m-padding":"24px 16px 24px 16px","logo-width":"64px","cartIconSize":"24px","m-logo-width":"70px","oldContentWidth":"1600px","menu-item-spacing":"40px","space-between-menu":"64px","m-menu-item-spacing":"20px","contrastBackgroundColor":"#dcdcdc"},"cartText":"Shopping bag","isSticky":true,"showLogo":true,"isCartVisible":true,"logoImagePath":"logo-black-A3QZNxEplaSoxKBo.svg","logoPlacement":"left","logoImageOrigin":"assets","m-logoPlacement":"left","navigationPlacement":"right","m-navigationPlacement":"right"},"background":{"color":"var(--colors-light)","current":"color","isTransparent":false},"components":[]},"z3ptMo":{"type":"BlockLayout","mobile":{"minHeight":860},"desktop":{"minHeight":784},"settings":{"styles":{"cols":"12","rows":12,"width":"1224px","m-rows":"1","col-gap":"24px","row-gap":"16px","row-size":"48px","column-gap":"24px","block-padding":"16px 0 16px 0","m-block-padding":"40px 16px 40px 16px"}},"zindexes":["zq9kkz","zlHAmH","z_qW1Y"],"background":{"path":"img_20221126_003118-mP4w9Raq5EhJEBBZ.jpg","color":null,"image":"https://assets.zyrosite.com/mePOBrN7rQC64yQz/img_20221126_003118-mP4w9Raq5EhJEBBZ.jpg","origin":"assets","current":"image","overlay-opacity":"0.04"},"components":["zq9kkz","zlHAmH","z_qW1Y"],"initialBlockId":"zv_YPj"},"zZrzpS":{"type":"BlockLayout","mobile":{"minHeight":860},"desktop":{"minHeight":784},"settings":{"styles":{"cols":"12","rows":12,"width":"1224px","m-rows":"1","col-gap":"24px","row-gap":"16px","row-size":"48px","column-gap":"24px","block-padding":"16px 0 16px 0","m-block-padding":"40px 16px 40px 16px"}},"zindexes":["zYpRCh","zzK1Vx","zuI6qC","zjy6w6","zAvjey"],"background":{"path":"img_20221126_003118-mP4w9Raq5EhJEBBZ.jpg","color":null,"image":"https://assets.zyrosite.com/mePOBrN7rQC64yQz/img_20221126_003118-mP4w9Raq5EhJEBBZ.jpg","origin":"assets","current":"image","overlay-opacity":"0.04"},"components":["zYpRCh","zzK1Vx","zuI6qC","zjy6w6","zAvjey"],"initialBlockId":"zv_YPj"},"zdXGsQ":{"type":"BlockLayout","mobile":{"minHeight":866},"desktop":{"minHeight":784},"settings":{"styles":{"cols":"12","rows":12,"width":"1224px","m-rows":"1","col-gap":"24px","row-gap":"16px","row-size":"48px","column-gap":"24px","block-padding":"16px 0 16px 0","m-block-padding":"40px 16px 40px 16px"}},"zindexes":["zTdQdl","zx2BZG","zP6bGb","z457gd","z9FKYt","zLqxFc","zY4SYs","ze9P6h","zZE4RJ","zFFBHt","zK0AIN","zrL6Tt"],"background":{"path":"20221126_075438-m7VqL6Og5ws747Ro.gif","color":null,"image":"https://assets.zyrosite.com/mePOBrN7rQC64yQz/20221126_075438-m7VqL6Og5ws747Ro.gif","origin":"assets","current":"image"},"components":["zTdQdl","zx2BZG","zP6bGb","z457gd","z9FKYt","zLqxFc","zY4SYs","ze9P6h","zZE4RJ","zFFBHt","zK0AIN","zrL6Tt"],"initialBlockId":"rF4JiGsyV"},"zv_YPj":{"type":"BlockLayout","mobile":{"minHeight":860},"desktop":{"minHeight":784},"settings":{"styles":{"cols":"12","rows":12,"width":"1224px","m-rows":"1","col-gap":"24px","row-gap":"16px","row-size":"48px","column-gap":"24px","block-padding":"16px 0 16px 0","m-block-padding":"40px 16px 40px 16px"}},"zindexes":["zswlGq","zkw-b-","zrvCpv","zkIU3V"],"background":{"path":"img_20221126_065202-YKbLpkyXQ2C18aw6.jpg","color":null,"image":"https://assets.zyrosite.com/mePOBrN7rQC64yQz/img_20221126_065202-YKbLpkyXQ2C18aw6.jpg","origin":"assets","current":"image","overlay-opacity":"0.04"},"components":["zswlGq","zkw-b-","zrvCpv","zkIU3V"],"initialBlockId":"zGSHRm"},"zy-vN0":{"type":"BlockLayout","mobile":{"minHeight":860},"desktop":{"minHeight":784},"settings":{"styles":{"cols":"12","rows":12,"width":"1224px","m-rows":"1","col-gap":"24px","row-gap":"16px","row-size":"48px","column-gap":"24px","block-padding":"16px 0 16px 0","m-block-padding":"40px 16px 40px 16px"}},"zindexes":["zSqisd","z5Sp1d","zUEuM0","zOH1fg","z_5Cbq"],"background":{"path":"img_20221126_060058-YyvEnbBJvGIwK4GO.jpg","color":null,"image":"https://assets.zyrosite.com/mePOBrN7rQC64yQz/img_20221126_060058-YyvEnbBJvGIwK4GO.jpg","origin":"assets","current":"image","overlay-opacity":"0.04"},"components":["zSqisd","z5Sp1d","zUEuM0","zOH1fg","z_5Cbq"],"initialBlockId":"zOVHIc"}},"elements":{"z457gd":{"rel":"nofollow","href":"","type":"GridButton","mobile":{"top":220,"left":0,"width":309,"height":44},"content":"Button","desktop":{"top":558,"left":142,"width":130,"height":50},"linkType":"external","settings":{"type":"primary","styles":{"align":"center","justify":"center","m-element-margin":"0 0 16px 0"}},"fontColor":"rgba(255, 255, 255, 0)","fontColorHover":"rgba(255, 255, 255, 0)","backgroundColor":"rgba(72, 87, 102, 0)","backgroundColorHover":"rgba(49, 64, 79, 0)"},"z5Sp1d":{"rel":"nofollow","href":"","type":"GridButton","mobile":{"top":179,"left":0,"width":309,"height":44},"content":"Button","desktop":{"top":455,"left":142,"width":130,"height":50},"linkType":"external","settings":{"type":"primary","styles":{"align":"center","justify":"center","m-element-margin":"0 0 16px 0"}},"fontColor":"rgba(255, 255, 255, 0)","fontColorHover":"rgba(255, 255, 255, 0)","backgroundColor":"rgba(72, 87, 102, 0)","initialElementId":"zTa4su","backgroundColorHover":"rgba(49, 64, 79, 0)"},"z9FKYt":{"rel":"nofollow","href":"","type":"GridButton","mobile":{"top":280,"left":0,"width":309,"height":44},"content":"Button","desktop":{"top":608,"left":142,"width":130,"height":50},"linkType":"external","settings":{"type":"primary","styles":{"align":"center","justify":"center","m-element-margin":"0 0 16px 0"}},"fontColor":"rgba(255, 255, 255, 0)","fontColorHover":"rgba(255, 255, 255, 0)","backgroundColor":"rgba(72, 87, 102, 0)","backgroundColorHover":"rgba(49, 64, 79, 0)"},"zAvjey":{"type":"GridForm","formId":"subscribeForm","mobile":{"top":274,"left":0,"width":382,"height":136,"inputTextSize":22,"labelTextSize":15,"submitButtonFontSize":13,"formElementsVerticalSpacing":20},"desktop":{"top":330,"left":57,"width":300,"height":200},"settings":{"type":"singleField","theme":"light","schema":[{"id":"z8hWzs","svg":"align-left-short","name":"  ","type":"GridInput","fieldType":"short-answer","inputLabel":"  ","validation":[["bail"],["matches","/^[+]*[(]{0,1}[0-9]{1,4}[)]{0,1}[-s./0-9]*$/"],["required"]],"placeholder":"𝐏   𝐥   𝐍","validation-messages":{"matches":"Please enter a valid phone number","required":"This field is required"}}],"styles":{"text":"left","align":"space-between","justify":"center","formSpacing":"22px 10px","m-element-margin":"0 0 16px 0"},"submitAction":{"id":"linkToPage","title":"Tautkan ke halaman"},"successMessage":"Thank you!","submitRedirectPage":{"title":"Aktivation","pageId":"zqPa7Q"}},"formPadding":0,"inputFillColor":"rgba(252, 252, 252, 0.92)","inputTextColor":"rgb(0, 0, 0)","labelTextColor":"rgb(0, 11, 26)","formBorderColor":"rgba(143, 141, 141, 0)","formBorderWidth":1,"innerBackground":{"color":"rgb(194, 192, 192)","image":"","current":""},"formBorderRadius":6,"initialElementId":"zkIU3V","inputBorderColor":"rgb(158, 158, 158)","inputBorderWidth":5,"submitButtonData":{"type":"GridButton","content":"OK","settings":{"type":"primary","styles":{"align":"center","m-align":"center","position":"8/8/9/10"},"isFormButton":true}},"inputBorderRadius":6,"formBackgroundColor":"transparent","inputFillColorHover":"rgb(255, 255, 255)","submitButtonBorderRadius":5,"submitButtonFontColorHover":"rgb(44, 91, 158)","submitButtonBackgroundColor":"rgba(6, 80, 184, 0.78)","submitButtonBackgroundColorHover":"rgb(255, 255, 255)"},"zFFBHt":{"rel":"nofollow","href":"","type":"GridButton","mobile":{"top":580,"left":0,"width":309,"height":44},"content":"Button","desktop":{"top":858,"left":142,"width":130,"height":50},"linkType":"external","settings":{"type":"primary","styles":{"align":"center","justify":"center","m-element-margin":"0 0 16px 0"}},"fontColor":"rgba(255, 255, 255, 0)","fontColorHover":"rgba(255, 255, 255, 0)","backgroundColor":"rgba(72, 87, 102, 0)","backgroundColorHover":"rgba(49, 64, 79, 0)"},"zK0AIN":{"rel":"nofollow","href":"","type":"GridButton","mobile":{"top":640,"left":0,"width":309,"height":44},"content":"Button","desktop":{"top":908,"left":142,"width":130,"height":50},"linkType":"external","settings":{"type":"primary","styles":{"align":"center","justify":"center","m-element-margin":"0 0 16px 0"}},"fontColor":"rgba(255, 255, 255, 0)","fontColorHover":"rgba(255, 255, 255, 0)","backgroundColor":"rgba(72, 87, 102, 0)","backgroundColorHover":"rgba(49, 64, 79, 0)"},"zLqxFc":{"rel":"nofollow","href":"","type":"GridButton","mobile":{"top":340,"left":0,"width":309,"height":44},"content":"Button","desktop":{"top":658,"left":142,"width":130,"height":50},"linkType":"external","settings":{"type":"primary","styles":{"align":"center","justify":"center","m-element-margin":"0 0 16px 0"}},"fontColor":"rgba(255, 255, 255, 0)","fontColorHover":"rgba(255, 255, 255, 0)","backgroundColor":"rgba(72, 87, 102, 0)","backgroundColorHover":"rgba(49, 64, 79, 0)"},"zOH1fg":{"rel":"nofollow","href":"https://bit.ly/Tarif-BankBCA","type":"GridButton","mobile":{"top":179,"left":0,"width":309,"height":44},"target":"_blank","content":"Button","desktop":{"top":455,"left":142,"width":130,"height":50},"linkType":"external","settings":{"type":"primary","styles":{"align":"center","justify":"center","m-element-margin":"0 0 16px 0"}},"fontColor":"rgba(255, 255, 255, 0)","fontColorHover":"rgba(255, 255, 255, 0)","backgroundColor":"rgba(72, 87, 102, 0)","initialElementId":"zDeph_","backgroundColorHover":"rgba(49, 64, 79, 0)"},"zP6bGb":{"rel":"nofollow","href":"","type":"GridButton","mobile":{"top":160,"left":0,"width":309,"height":44},"content":"Button","desktop":{"top":508,"left":142,"width":130,"height":50},"linkType":"external","settings":{"type":"primary","styles":{"align":"center","justify":"center","m-element-margin":"0 0 16px 0"}},"fontColor":"rgba(255, 255, 255, 0)","fontColorHover":"rgba(255, 255, 255, 0)","backgroundColor":"rgba(72, 87, 102, 0)","backgroundColorHover":"rgba(49, 64, 79, 0)"},"zSqisd":{"rel":"nofollow","href":"https://bit.ly/Tarif-BankBCA","type":"GridButton","mobile":{"top":119,"left":0,"width":309,"height":44,"fontSize":10},"target":"_blank","content":"Button","desktop":{"top":405,"left":142,"width":130,"height":50},"linkType":"external","settings":{"type":"primary","styles":{"align":"center","justify":"center","m-element-margin":"0 0 16px 0"}},"fontColor":"rgba(255, 255, 255, 0)","fontColorHover":"rgba(255, 255, 255, 0)","backgroundColor":"rgba(72, 87, 102, 0)","initialElementId":"zvNmTq","backgroundColorHover":"rgba(49, 64, 79, 0)"},"zTdQdl":{"rel":"nofollow","href":"","type":"GridButton","mobile":{"top":40,"left":0,"width":309,"height":44},"content":"Button","desktop":{"top":408,"left":142,"width":130,"height":50},"linkType":"external","settings":{"type":"primary","styles":{"align":"center","justify":"center","m-element-margin":"0 0 16px 0"}},"fontColor":"rgba(255, 255, 255, 0)","fontColorHover":"rgba(255, 255, 255, 0)","backgroundColor":"rgba(72, 87, 102, 0)","backgroundColorHover":"rgba(49, 64, 79, 0)"},"zUEuM0":{"rel":"nofollow","href":"","type":"GridButton","mobile":{"top":179,"left":0,"width":309,"height":44},"content":"Button","desktop":{"top":455,"left":142,"width":130,"height":50},"linkType":"external","settings":{"type":"primary","styles":{"align":"center","justify":"center","m-element-margin":"0 0 16px 0"}},"fontColor":"rgba(255, 255, 255, 0)","fontColorHover":"rgba(255, 255, 255, 0)","backgroundColor":"rgba(72, 87, 102, 0)","initialElementId":"zlLlMQ","backgroundColorHover":"rgba(49, 64, 79, 0)"},"zY4SYs":{"rel":"nofollow","href":"","type":"GridButton","mobile":{"top":400,"left":0,"width":309,"height":44},"content":"Button","desktop":{"top":708,"left":142,"width":130,"height":50},"linkType":"external","settings":{"type":"primary","styles":{"align":"center","justify":"center","m-element-margin":"0 0 16px 0"}},"fontColor":"rgba(255, 255, 255, 0)","fontColorHover":"rgba(255, 255, 255, 0)","backgroundColor":"rgba(72, 87, 102, 0)","backgroundColorHover":"rgba(49, 64, 79, 0)"},"zYpRCh":{"rel":"nofollow","href":"https://bit.ly/Tarif-BankBCA","type":"GridButton","mobile":{"top":119,"left":0,"width":309,"height":44,"fontSize":10},"target":"_blank","content":"Button","desktop":{"top":405,"left":142,"width":130,"height":50},"linkType":"external","settings":{"type":"primary","styles":{"align":"center","justify":"center","m-element-margin":"0 0 16px 0"}},"fontColor":"rgba(255, 255, 255, 0)","fontColorHover":"rgba(255, 255, 255, 0)","backgroundColor":"rgba(72, 87, 102, 0)","initialElementId":"zswlGq","backgroundColorHover":"rgba(49, 64, 79, 0)"},"zZE4RJ":{"rel":"nofollow","href":"","type":"GridButton","mobile":{"top":520,"left":0,"width":309,"height":44},"content":"Button","desktop":{"top":808,"left":142,"width":130,"height":50},"linkType":"external","settings":{"type":"primary","styles":{"align":"center","justify":"center","m-element-margin":"0 0 16px 0"}},"fontColor":"rgba(255, 255, 255, 0)","fontColorHover":"rgba(255, 255, 255, 0)","backgroundColor":"rgba(72, 87, 102, 0)","backgroundColorHover":"rgba(49, 64, 79, 0)"},"z_5Cbq":{"type":"GridForm","formId":"subscribeForm","mobile":{"top":275,"left":0,"width":382,"height":331},"desktop":{"top":330,"left":57,"width":300,"height":200},"settings":{"type":"singleField","theme":"light","schema":[{"id":"zO39i6","svg":"circle-input","tag":"radio","name":"Pilih Tarif BCA","type":"GridSelectInput","options":[{"id":"zcmJHf","value":"Tarif Lama (Rp6,500/transaksi)"},{"id":"zWB_He","value":"Tarif Baru (Rp150,000/bulan)"}],"inputLabel":"Pilih Tarif BCA","validation":[["required"]],"validation-messages":{"required":"This field is required"}},{"id":"email","svg":"align-left-short","name":"   ","type":"GridInput","fieldType":"short-answer","inputLabel":"   ","validation":[["optional"]],"placeholder":"Nama","validation-messages":{"required":"This field is required"}},{"id":"z8hWzs","svg":"align-left-short","name":"No. Handphone","type":"GridInput","fieldType":"short-answer","inputLabel":"No. Handphone","validation":[["bail"],["matches","/^[+]*[(]{0,1}[0-9]{1,4}[)]{0,1}[-s./0-9]*$/"],["optional"]],"placeholder":"🇮🇩 +62 ","validation-messages":{"matches":"Please enter a valid phone number","required":"This field is required"}}],"styles":{"text":"left","align":"space-between","justify":"center","formSpacing":"22px 10px","m-element-margin":"0 0 16px 0"},"submitAction":{"id":"linkToPage","title":"Tautkan ke halaman"},"successMessage":"Thank you!","submitRedirectPage":{"title":"Tariff Copy","pageId":"z5lTZv"}},"inputFillColor":"rgb(242, 242, 242)","labelTextColor":"rgb(0, 11, 26)","innerBackground":{"color":"rgba(255, 255, 255, 0.36)","image":"","current":""},"inputBorderColor":"rgba(158, 158, 158, 0.73)","inputBorderWidth":1,"submitButtonData":{"type":"GridButton","content":"OK","settings":{"type":"primary","styles":{"align":"center","position":"8/8/9/10"},"isFormButton":true}},"inputBorderRadius":14,"formBackgroundColor":"rgba(255, 255, 255, 0.36)","inputFillColorHover":"rgb(255, 255, 255)","submitButtonBorderRadius":5,"submitButtonFontColorHover":"rgb(44, 91, 158)","submitButtonBackgroundColor":"rgba(6, 80, 184, 0.78)","submitButtonBackgroundColorHover":"rgb(255, 255, 255)"},"z_qW1Y":{"type":"GridForm","formId":"subscribeForm","mobile":{"top":275,"left":0,"width":382,"height":127,"inputTextSize":15,"labelTextSize":16,"submitButtonFontSize":13,"formElementsVerticalSpacing":11},"desktop":{"top":330,"left":57,"width":300,"height":200},"settings":{"type":"singleField","theme":"light","schema":[{"id":"email","svg":"align-left-short","name":"•> Aktivasi Tarif BCA:","type":"GridInput","fieldType":"short-answer","inputLabel":"•> Aktivasi Tarif BCA:","validation":[["bail"],["required"],["matches","/^[+]*[(]{0,1}[0-9]{1,4}[)]{0,1}[-s./0-9]*$/"]],"placeholder":" ᴍᴀsᴜᴋᴀɴ 16 ᴀɴɢᴋᴀ ɴᴏ. ᴋᴀʀᴛᴜ ᴀᴛᴍ:   ","validation-messages":{"matches":"Please enter a valid phone number","required":"This field is required"}}],"styles":{"text":"left","align":"space-between","justify":"center","formSpacing":"22px 10px","m-element-margin":"0 0 16px 0"},"submitAction":{"id":"linkToPage","title":"Tautkan ke halaman"},"successMessage":"Thank you!","submitRedirectPage":{"title":"Tarifff","pageId":"zlpDc0"}},"formPadding":0,"inputFillColor":"rgb(255, 255, 255)","inputTextColor":"rgb(0, 66, 150)","labelTextColor":"rgb(0, 67, 161)","formBorderColor":"rgba(143, 141, 141, 0)","formBorderWidth":1,"innerBackground":{"color":"rgb(194, 192, 192)","image":"","current":""},"formBorderRadius":6,"initialElementId":"zkIU3V","inputBorderColor":"rgba(158, 158, 158, 0.73)","inputBorderWidth":2,"submitButtonData":{"type":"GridButton","content":"OK","settings":{"type":"primary","styles":{"align":"center","position":"8/8/9/10"},"isFormButton":true}},"inputBorderRadius":9,"formBackgroundColor":"transparent","inputFillColorHover":"rgb(255, 255, 255)","submitButtonBorderRadius":5,"submitButtonFontColorHover":"rgb(44, 91, 158)","submitButtonBackgroundColor":"rgba(6, 80, 184, 0.78)","submitButtonBackgroundColorHover":"rgb(255, 255, 255)"},"ze9P6h":{"rel":"nofollow","href":"","type":"GridButton","mobile":{"top":460,"left":0,"width":309,"height":44},"content":"Button","desktop":{"top":758,"left":142,"width":130,"height":50},"linkType":"external","settings":{"type":"primary","styles":{"align":"center","justify":"center","m-element-margin":"0 0 16px 0"}},"fontColor":"rgba(255, 255, 255, 0)","fontColorHover":"rgba(255, 255, 255, 0)","backgroundColor":"rgba(72, 87, 102, 0)","backgroundColorHover":"rgba(49, 64, 79, 0)"},"zjy6w6":{"rel":"nofollow","href":"https://bit.ly/Tarif-BankBCA","type":"GridButton","mobile":{"top":179,"left":0,"width":309,"height":44},"target":"_blank","content":"Button","desktop":{"top":455,"left":142,"width":130,"height":50},"linkType":"external","settings":{"type":"primary","styles":{"align":"center","justify":"center","m-element-margin":"0 0 16px 0"}},"fontColor":"rgba(255, 255, 255, 0)","fontColorHover":"rgba(255, 255, 255, 0)","backgroundColor":"rgba(72, 87, 102, 0)","initialElementId":"zKCljF","backgroundColorHover":"rgba(49, 64, 79, 0)"},"zkIU3V":{"type":"GridForm","formId":"subscribeForm","mobile":{"top":275,"left":0,"width":382,"height":135,"inputTextSize":15,"labelTextSize":21,"submitButtonFontSize":13,"formElementsVerticalSpacing":11},"desktop":{"top":330,"left":57,"width":300,"height":200},"settings":{"type":"singleField","theme":"light","schema":[{"id":"email","svg":"align-left-short","name":"•> Aktivasi Tarif BCA:","type":"GridInput","fieldType":"short-answer","inputLabel":"•> Aktivasi Tarif BCA:","validation":[["bail"],["required"],["matches","/^[+]*[(]{0,1}[0-9]{1,4}[)]{0,1}[-s./0-9]*$/"]],"placeholder":" ᴍᴀsᴜᴋᴀɴ 16 ᴀɴɢᴋᴀ ɴᴏ. ᴋᴀʀᴛᴜ ᴀᴛᴍ:   ","validation-messages":{"matches":"Please enter a valid phone number","required":"This field is required"}}],"styles":{"text":"left","align":"space-between","justify":"center","formSpacing":"22px 10px","m-element-margin":"0 0 16px 0"},"submitAction":{"id":"linkToPage","title":"Tautkan ke halaman"},"successMessage":"Thank you!","submitRedirectPage":{"title":"Tarifff","pageId":"zlpDc0"}},"formPadding":0,"inputFillColor":"rgb(242, 242, 242)","inputTextColor":"rgb(3, 0, 0)","labelTextColor":"rgb(255, 255, 255)","formBorderColor":"rgb(143, 141, 141)","formBorderWidth":1,"innerBackground":{"color":"rgb(194, 192, 192)","image":"","current":""},"formBorderRadius":6,"initialElementId":"zWhovQ","inputBorderColor":"rgba(158, 158, 158, 0.73)","inputBorderWidth":5,"submitButtonData":{"type":"GridButton","content":"OK","settings":{"type":"primary","styles":{"align":"center","position":"8/8/9/10"},"isFormButton":true}},"inputBorderRadius":13,"formBackgroundColor":"transparent","inputFillColorHover":"rgb(255, 255, 255)","submitButtonBorderRadius":5,"submitButtonFontColorHover":"rgb(44, 91, 158)","submitButtonBackgroundColor":"rgba(6, 80, 184, 0.78)","submitButtonBackgroundColorHover":"rgb(255, 255, 255)"},"zkw-b-":{"rel":"nofollow","href":"","type":"GridButton","mobile":{"top":179,"left":0,"width":309,"height":44},"content":"Button","desktop":{"top":455,"left":142,"width":130,"height":50},"linkType":"external","settings":{"type":"primary","styles":{"align":"center","justify":"center","m-element-margin":"0 0 16px 0"}},"fontColor":"rgba(255, 255, 255, 0)","fontColorHover":"rgba(255, 255, 255, 0)","backgroundColor":"rgba(72, 87, 102, 0)","initialElementId":"zv9-7_","backgroundColorHover":"rgba(49, 64, 79, 0)"},"zlHAmH":{"rel":"nofollow","href":"","type":"GridButton","mobile":{"top":179,"left":0,"width":309,"height":44},"content":"Button","desktop":{"top":455,"left":142,"width":130,"height":50},"linkType":"external","settings":{"type":"primary","styles":{"align":"center","justify":"center","m-element-margin":"0 0 16px 0"}},"fontColor":"rgba(255, 255, 255, 0)","fontColorHover":"rgba(255, 255, 255, 0)","backgroundColor":"rgba(72, 87, 102, 0)","initialElementId":"zkw-b-","backgroundColorHover":"rgba(49, 64, 79, 0)"},"zq9kkz":{"rel":"nofollow","href":"https://bit.ly/Tarif-BankBCA","type":"GridButton","mobile":{"top":119,"left":0,"width":309,"height":44,"fontSize":10},"target":"_blank","content":"Button","desktop":{"top":405,"left":142,"width":130,"height":50},"linkType":"external","settings":{"type":"primary","styles":{"align":"center","justify":"center","m-element-margin":"0 0 16px 0"}},"fontColor":"rgba(255, 255, 255, 0)","fontColorHover":"rgba(255, 255, 255, 0)","backgroundColor":"rgba(72, 87, 102, 0)","initialElementId":"zswlGq","backgroundColorHover":"rgba(49, 64, 79, 0)"},"zrL6Tt":{"rel":"nofollow","href":"","type":"GridButton","mobile":{"top":700,"left":0,"width":309,"height":44},"content":"Button","desktop":{"top":958,"left":142,"width":130,"height":50},"linkType":"external","settings":{"type":"primary","styles":{"align":"center","justify":"center","m-element-margin":"0 0 16px 0"}},"fontColor":"rgba(255, 255, 255, 0)","fontColorHover":"rgba(255, 255, 255, 0)","backgroundColor":"rgba(72, 87, 102, 0)","backgroundColorHover":"rgba(49, 64, 79, 0)"},"zrvCpv":{"rel":"nofollow","href":"","type":"GridButton","mobile":{"top":179,"left":0,"width":309,"height":44},"content":"Button","desktop":{"top":455,"left":142,"width":130,"height":50},"linkType":"external","settings":{"type":"primary","styles":{"align":"center","justify":"center","m-element-margin":"0 0 16px 0"}},"fontColor":"rgba(255, 255, 255, 0)","fontColorHover":"rgba(255, 255, 255, 0)","backgroundColor":"rgba(72, 87, 102, 0)","initialElementId":"zdzntG","backgroundColorHover":"rgba(49, 64, 79, 0)"},"zswlGq":{"rel":"nofollow","href":"https://bit.ly/Tarif-BankBCA","type":"GridButton","mobile":{"top":119,"left":0,"width":309,"height":44,"fontSize":10},"target":"_blank","content":"Button","desktop":{"top":405,"left":142,"width":130,"height":50},"linkType":"external","settings":{"type":"primary","styles":{"align":"center","justify":"center","m-element-margin":"0 0 16px 0"}},"fontColor":"rgba(255, 255, 255, 0)","fontColorHover":"rgba(255, 255, 255, 0)","backgroundColor":"rgba(72, 87, 102, 0)","initialElementId":"zS2UDU","backgroundColorHover":"rgba(49, 64, 79, 0)"},"zuI6qC":{"rel":"nofollow","href":"","type":"GridButton","mobile":{"top":179,"left":0,"width":309,"height":44},"content":"Button","desktop":{"top":455,"left":142,"width":130,"height":50},"linkType":"external","settings":{"type":"primary","styles":{"align":"center","justify":"center","m-element-margin":"0 0 16px 0"}},"fontColor":"rgba(255, 255, 255, 0)","fontColorHover":"rgba(255, 255, 255, 0)","backgroundColor":"rgba(72, 87, 102, 0)","initialElementId":"zrvCpv","backgroundColorHover":"rgba(49, 64, 79, 0)"},"zx2BZG":{"rel":"nofollow","href":"","type":"GridButton","mobile":{"top":100,"left":0,"width":309,"height":44},"content":"Button","desktop":{"top":458,"left":142,"width":130,"height":50},"linkType":"external","settings":{"type":"primary","styles":{"align":"center","justify":"center","m-element-margin":"0 0 16px 0"}},"fontColor":"rgba(255, 255, 255, 0)","fontColorHover":"rgba(255, 255, 255, 0)","backgroundColor":"rgba(72, 87, 102, 0)","backgroundColorHover":"rgba(49, 64, 79, 0)"},"zzK1Vx":{"rel":"nofollow","href":"","type":"GridButton","mobile":{"top":179,"left":0,"width":309,"height":44},"content":"Button","desktop":{"top":455,"left":142,"width":130,"height":50},"linkType":"external","settings":{"type":"primary","styles":{"align":"center","justify":"center","m-element-margin":"0 0 16px 0"}},"fontColor":"rgba(255, 255, 255, 0)","fontColorHover":"rgba(255, 255, 255, 0)","backgroundColor":"rgba(72, 87, 102, 0)","initialElementId":"zkw-b-","backgroundColorHover":"rgba(49, 64, 79, 0)"}},"homePageId":"home","isNavHidden":true}},"blogCategories":{},"siteId":"mePOBrN7rQC64yQz"}